UDE_NN,GP,KERNEL,True_c
0.006493246697819058,0.04899270881817658,0.009605298640983573,0.004
0.0030114242338401044,0.09819231977845647,0.006988561540828223,0.008
0.0166444678456514,0.13117802366110132,0.00398013784086693,0.012
0.011098677391201349,0.1562611096330288,0.0036235600345931197,0.016
0.006437531448649913,0.15281076292379545,0.0004530365658864011,0.02
0.010867538298379067,0.1349205780081613,-0.006383398811160261,0.024
0.013922560942222828,0.13398533845415445,-0.018139926928068786,0.028
0.025358134445753855,0.11228200348876309,-0.0018562363667935095,0.032
0.034308316699127095,0.11431877037148658,-0.04638520851325434,0.036
0.030403946258655893,0.11417384263267343,0.0012900735503265787,0.04
0.032797364291453926,0.12281272782122744,-0.036782049732689434,0.044
0.049629506695102674,0.12325433142332998,-0.0046205460991520265,0.048
0.0518515261711832,0.10664087677989018,0.007366782880208277,0.052
0.06473382514169099,0.0800574381825365,-0.016459916377399193,0.056
0.07139555737222744,0.061826637963673686,-0.024643527509880296,0.06
0.07235148545130446,0.06046206706181291,0.023503709986809715,0.064
0.07596824642845981,0.06726724254882573,0.015673432209088844,0.068
0.08275040564665095,0.06323291100368918,-0.005731944229558593,0.072
0.08978697903613621,0.06771962027786255,-0.0004420268697152424,0.076
0.08289273919017515,0.07310674791015012,-0.0301848340796516,0.08
0.08946438968336831,0.041584385468778906,-0.039287638547022094,0.084
0.07966965200761966,0.030996671144311122,0.017840855619675394,0.088
0.09228506448856132,0.02592338054096739,0.0509346138093315,0.092
0.09659259981796187,0.030909966569971973,0.06843307051044759,0.096
0.09867943299768242,0.016575971915368665,0.08999083160624305,0.1
0.10743588643652471,3.700871618868327e-9,0.09999181996023743,0.104
0.09304316884719382,-0.023724962183512072,0.11505895747912967,0.108
0.11032777741771892,-4.749829072009154e-10,0.12773196625081845,0.112
0.12457382384296074,-0.02552441494953772,0.13877292246623688,0.116
0.14470096801186563,0.001769941241441004,0.1370460994184744,0.12
0.15583795326006736,-0.008232040060095012,0.12611106317187185,0.124
0.15001023083619622,-0.0073399539415238526,0.12420268639660624,0.128
0.15606471509908404,-0.004452170003341557,0.13253837425840548,0.132
0.15214215124907032,-0.006340266436634736,0.11464531193156609,0.136
0.1540062654348084,-0.003309470057930496,0.12691695830168934,0.14
0.15572526271535178,-0.005622367205033426,0.11782116907634352,0.144
0.15458065280092334,0.009298317410101705,0.1431647422658459,0.148
0.16970002768698975,0.01505654000561789,0.1469363480553409,0.152
0.17941898535567186,0.011320109454989007,0.07156689308546202,0.156
0.18178747059161304,0.014943043729752147,0.046445749478404644,0.16
0.15766436960134,0.01646074201003867,0.03666080794452228,0.164
0.1693556962169158,0.019236931259875953,0.030782318539109996,0.168
0.18163404639722702,0.0019762787734694037,0.019355370329407137,0.172
0.19642103478977088,-0.014940638632333232,0.012653126211348044,0.176
0.20926503531627905,-0.0010965443588504089,0.031318402712470716,0.18
0.19315918654913006,7.040747719187721e-8,0.01892546261477474,0.184
0.19244380250604043,-0.011245134340395166,0.056996551301323146,0.188
0.20166768415684222,0.0075996478267578264,0.055297273284230154,0.192
0.20463290299543463,0.00019864149186762578,0.07679030099157103,0.196
0.20800046097660133,-0.00047214345871505174,0.08860152807354635,0.2
0.2146763952741995,-0.020159204703966607,0.10643178724223477,0.204
0.23341709816187123,0.040147070029868316,0.13890623800151541,0.208
0.23617686263267446,0.08025033086447105,0.15960320251235469,0.212
0.25956176431654004,0.12177957213704353,0.17374391140191867,0.216
0.25311164330993113,0.14201498322126221,0.15258387721826883,0.22
0.26143413351157513,0.1514272773617878,0.14382209321085326,0.224
0.27491508304612533,0.16529108272432838,0.09192653466986365,0.228
0.2758858793989074,0.18640472856592286,0.09810125880018011,0.232
0.28277823921848494,0.18084633174022405,0.03539927231618996,0.236
0.27923978130805394,0.19798652101851177,0.018103863736257435,0.24
0.28335955266858354,0.20511324931330283,0.023957333353498436,0.244
0.29037553018544854,0.2347668044672218,-0.020316018798849433,0.248
0.2951349382411488,0.25803987129891415,0.0012828495980080762,0.252
0.3076188233016485,0.28846452130887845,-0.044984479618409005,0.256
0.3050112227881317,0.32959928877774375,-0.009433063411872101,0.26
0.3079705459239526,0.3710360439094838,-0.007423876456416782,0.264
0.30428753501541644,0.4107151166903128,-0.011004294051949614,0.268
0.3154955891071195,0.4398833959235039,-0.0154941568460515,0.272
0.3205188309550929,0.4737876815240925,-0.0041187138917469085,0.276
0.32284523781709845,0.4925145053220772,-0.01573817113186145,0.28
0.3416733203665003,0.4892740239996825,-0.007632726561552355,0.284
0.3436433358763567,0.5075726415675299,0.003977277790797959,0.288
0.3430079899387651,0.5196540636392238,-0.01651725919085215,0.292
0.34786086467532523,0.5330410746266084,-0.0051348391268148386,0.296
0.33782702112579277,0.5473291428139965,-0.01130226529798856,0.3
0.3449863255594626,0.515851070547417,-0.013051356090199726,0.304
0.3406363087846154,0.5347178186370967,-0.008996624230577992,0.308
0.34928190245868007,0.5196261568857994,-0.013254989155912885,0.312
0.3454282217252777,0.4916843364028526,-0.002718609301017815,0.316
0.3571959393352173,0.4534298215404997,-0.00998200394352692,0.32
0.3669014293435581,0.3714129355777935,-0.019432575531659252,0.324
0.3695125087416986,0.31301820421345455,0.0007458693426654495,0.328
0.36317361130901865,0.25024074690096915,-0.02822895020185376,0.332
0.3769061587319163,0.18839716592905958,-0.025010973455612845,0.336
0.3895175129757228,0.13092628460001227,-0.017893220524995625,0.34
0.40225665406520955,0.08246031758512584,-0.003707976673380454,0.344
0.40093496877026913,0.042881533967188835,-0.017737495159530565,0.348
0.400087988013787,0.009612101722712813,-0.0032739661987444485,0.352
0.38662589836290573,2.1272322418950612e-8,-0.012806168299406232,0.356
0.37294591287308043,-0.008172424186251205,-0.01175926760290445,0.36
0.3710261559022195,-0.0011498191320078984,-0.01206945231626361,0.364
0.3573239966397195,-0.0009669659854605618,-0.010972331356207041,0.368
0.3566471217739148,-0.0017009794110928638,-0.01144398391415143,0.372
0.36082007055974596,5.43369264708738e-10,-0.022993530201829,0.376
0.3810834121967877,-0.025655395287227104,-0.013654676077790208,0.38
0.38208405010534235,0.006610317317422797,-0.019908647853713296,0.384
0.37430351511543836,1.4824174630316906e-9,-0.009508701953619985,0.388
0.378622578551398,-0.011083409613947826,-0.014034082743562574,0.392
0.3724020911800457,0.010376192580516197,-0.018660082580409666,0.396
0.3934820454095049,0.01760164614741655,-0.0057406470065661085,0.4
0.3979324500008773,0.01530605996511896,-0.012476640596933469,0.404
0.40126087733581944,0.0019219524043335649,-0.0029109342840608707,0.408
0.4122564822801149,0.0010924676159870842,-0.02316168205330074,0.412
0.40715487652150556,1.1321197046279881e-8,-0.004737242846792587,0.416
0.41652587491432996,-0.015305100415034498,0.0056305309482313805,0.42
0.4207993876340277,0.04586347484708414,0.00855052014460424,0.424
0.43110779695357215,0.06967179078956404,-0.010993570405624323,0.428
0.4461998766329243,0.10084649601596216,0.00040312547543373475,0.432
0.4499822376241199,0.1268183988937725,-0.01653798871584753,0.436
0.44953882426978176,0.1551835264020339,0.006334220749265407,0.44
0.4558316580823436,0.18376023813727035,0.015292372641684676,0.444
0.46897710546009613,0.2011309007620704,0.04454713586447454,0.448
0.4719611282302018,0.22388680051789764,0.07579632642213519,0.452
0.4820233586796848,0.261450221069496,0.10711405314318358,0.456
0.48361957070412526,0.28175439987431333,0.13951356000027604,0.46
0.47207628439061755,0.3098239664056207,0.18906928454840702,0.464
0.4785572965324058,0.33605673698248695,0.2110763333043547,0.468
0.46043519200414845,0.33287122376417094,0.27689912443042936,0.472
0.4727332969405005,0.3356695593639533,0.3414839326523154,0.476
0.4793025527878839,0.30434442030720044,0.40046925503675,0.48
0.49463320706430564,0.297277059455257,0.4642587325033159,0.484
0.49427287467311454,0.27163125638329666,0.5274277314935297,0.488
0.47984219413202983,0.2619280238459676,0.5961743086604854,0.492
0.4635218562029009,0.24652226672887675,0.6537184282685727,0.496
0.47216981683470555,0.23040880791314927,0.7109730577300005,0.5
0.46613084689271955,0.22247211882183332,0.781859584164026,0.504
0.4612180990588472,0.19607127871284605,0.8291950191248251,0.508
0.47716730911536076,0.1862581850188612,0.8892672143557474,0.512
0.4765160632505842,0.17120832494445573,0.9298865120810857,0.516
0.4862501058293339,0.14757088559761733,0.9830008352603339,0.52
0.4847110086193036,0.12012467603763706,0.9902973690718463,0.524
0.4873448147988879,0.11693389340880221,1.032059155397919,0.528
0.49833489873875364,0.11764486758475537,1.0379106871736195,0.532
0.4989064442108781,0.10880868488877342,1.0833936982696368,0.536
0.5133520745756581,0.08531941710163572,1.071055247609129,0.54
0.5136927805407733,0.06606831829418622,1.0913089685946544,0.544
0.5065033623568771,0.049240490353069634,1.103118674529538,0.548
0.5113250792964464,0.027061221637270944,1.1135501856899173,0.552
0.5288471591868428,4.7282701782410806e-8,1.1142421227863761,0.556
0.5181922926086048,-0.008226165526789519,1.1257341589466698,0.56
0.5142441038298402,-0.02344500097915948,1.1263507981365477,0.564
0.5178732410582667,0.0004116554086389994,1.164809821784121,0.568
0.5414325566730386,1.2309902655735997e-8,1.168323850794391,0.572
0.5617334305235275,-0.015641598418813487,1.186030034062834,0.576
0.549073514093628,-0.00412110512393917,1.1961873594032115,0.58
0.5573008656874654,0.009910728364627395,1.2394489572065295,0.584
0.5640254122647298,0.019816975874571898,1.273772749632965,0.588
0.5852119493916688,0.025588365785775117,1.3194851915429318,0.592
0.5820766323845611,0.021661650244424405,1.3488134234118312,0.596
0.59628180801126,0.03745754981608528,1.3757792817284968,0.6
0.6010626940207258,0.03207045879828256,1.3866058827403343,0.604
0.6047601292609166,0.009780663449072727,1.3841614445962607,0.608
0.608534562035958,0.0016108271370022843,1.4031663454347834,0.612
0.6295618903260469,2.114303308096991e-8,1.4251849415850457,0.616
0.629078382424086,-0.00484634490215908,1.3898894108649138,0.62
0.5928066725962736,-0.00020275912271331518,1.3964645707986236,0.624
0.5969796852288257,-0.007775294278512475,1.3872489222892948,0.628
0.5967202295198032,-0.009836253274325895,1.3802021521948658,0.632
0.5902116339464568,0.10008311148964084,1.3627181420309595,0.636
0.603144404149986,0.1865155650627036,1.2849361696064123,0.64
0.609725853864457,0.26866155649898826,1.28775183849053,0.644
0.6342326497543835,0.34578325064032517,1.3224852157144045,0.648
0.6250066839637074,0.4032656296632452,1.323671318385087,0.652
0.6345896714109553,0.4473320379317076,1.2861202208327072,0.656
0.636227212323537,0.4780846023036672,1.2447321080468425,0.66
0.6394213169267212,0.4980683068410882,1.2760001562964807,0.664
0.6557188073156935,0.49576309035704336,1.2629329627675947,0.668
0.6590491525158184,0.4964607707322957,1.3542780411230966,0.672
0.6697531578917297,0.5009696941953268,1.3194461959512052,0.676
0.6730068304062592,0.48286557252418494,1.295044126528156,0.68
0.6880512987752198,0.48286395719527775,1.2610694533789824,0.684
0.6940980131591176,0.47777594648164745,1.322637415692221,0.688
0.6921929335860095,0.49331101100892827,1.3302686142121172,0.692
0.6975857265995393,0.4940591139784675,1.3639286504239196,0.696
0.6995370551841763,0.4897215142752005,1.3385564975598112,0.7
0.7031504357800432,0.4884135182310908,1.2404043761830859,0.704
0.7017787193289053,0.4759296595471548,1.233843232055917,0.708
0.7096265939705785,0.4592562011755219,1.237635301535416,0.712
0.7267518807448996,0.45328214127327704,1.2133989271052856,0.716
0.7295799447778369,0.4510109935721193,1.1534812200421867,0.72
0.7300949398172042,0.4733617580549739,1.0942864182729388,0.724
0.7294010708633244,0.5011369538263437,1.1492373713564785,0.728
0.7421702340456545,0.54207950334795,1.0965424502768413,0.732
0.741729485195756,0.574264890570794,1.1027443593954505,0.736
0.7473933792819302,0.6207048197828362,1.0715359777581246,0.74
0.7452713295753701,0.6689713687520372,1.0062007861115423,0.744
0.7549464159393574,0.728640721635443,1.0210321056660103,0.748
0.7604988292573831,0.7771804086666659,1.0003493758738409,0.752
0.7699798488998197,0.8255773808047278,1.0619024959581378,0.756
0.7647763431526183,0.859736596190595,1.105926037247406,0.76
0.7704596038310457,0.8946772612996919,1.0808483921831855,0.764
0.7654511194089366,0.9446558994363992,1.1201942667154314,0.768
0.7709772927751658,0.9743924774621848,1.099389133328034,0.772
0.7676592684055057,0.9757039749735903,1.112025017897336,0.776
0.7589534781410339,1.0080582113036336,1.1290965727145745,0.78
0.7650514413006856,1.0407654390027923,1.1316169933059923,0.784
0.7774848768432662,1.0796208844336634,1.1365093379978901,0.788
0.7862186147442269,1.1215398146218853,1.102764084509513,0.792
0.7962369546818856,1.1265434302470008,1.0302211586242298,0.796
0.8008996458377154,1.146039432632045,0.9682132465727691,0.8
0.7968404711422982,1.150104587525571,0.9111001280300284,0.804
0.8048850555171587,1.1743429538778702,0.8859383915791199,0.808
0.8021948453058608,1.203238956245751,0.8569016830692189,0.812
0.8133042610262222,1.229327917147456,0.8380083262959275,0.816
0.82684203481043,1.27056756712713,0.8210656619048189,0.82
0.8377338236562076,1.2956979381879412,0.8210023008086207,0.824
0.8512409521817849,1.3224822731746237,0.8152135190043396,0.828
0.836934075138459,1.3558522738044114,0.8549284394632362,0.832
0.8372644289509665,1.4101363604692367,0.887337231907041,0.836
0.8296062244233221,1.4586230855203364,0.8878072690894104,0.84
0.8284271196138272,1.493411003837037,0.9170971920303795,0.844
0.8280740678930087,1.4677131479083043,0.9170777155034437,0.848
0.8346158807401192,1.4652434546154582,0.9469127299531263,0.852
0.8399775158185051,1.4924011295893709,0.9938599265756841,0.856
0.8370370746166008,1.4631403143946307,1.0501464167187562,0.86
0.8477034097823503,1.4500275316511453,1.1006347734209068,0.864
0.8639066332535414,1.444679805968067,1.1364784710229447,0.868
0.8708888997362254,1.474853466697126,1.1828691784524572,0.872
0.8834393265265977,1.4742989187352737,1.1729464975949655,0.876
0.8791924188788016,1.5020980809028601,1.2093186733445376,0.88
0.8801123025147835,1.5440670873905626,1.272562455443914,0.884
0.8738935782313717,1.5764717446690546,1.310573652129755,0.888
0.8754026639016194,1.605504490466113,1.3614563842698633,0.892
0.874513332526958,1.5703950350619225,1.3987570906823619,0.896
0.8838233780977827,1.5966638778450908,1.429063181539821,0.9
0.8782222392470155,1.6108445522341648,1.426362192109911,0.904
0.8800727494351183,1.6368122759393076,1.4323312581634018,0.908
0.8660825023980631,1.642977640792631,1.4448221786046238,0.912
0.8764113786807045,1.609078402228958,1.4332029516178786,0.916
0.8744923028769076,1.6301613310664753,1.418392376204717,0.92
0.8855246947871602,1.6313821088847602,1.428786592298494,0.924
0.9101454535330524,1.6522780118422533,1.4157858430068935,0.928
0.9150290734633718,1.6527658447532447,1.4475933721535192,0.932
0.924916410660573,1.641296446959161,1.4261078998199055,0.936
0.9316842788000613,1.591162334886638,1.3760430636031853,0.94
0.9475332283385126,1.5703455655965208,1.3171191735613,0.944
0.9479141661650192,1.5718892687351351,1.3224380100700897,0.948
0.9639238845696798,1.5428443420295797,1.3003405026471695,0.952
0.972324462012141,1.4897813673347378,1.302737645854472,0.956
0.9658422343691645,1.5285806408252325,1.288452214002563,0.96
0.9668923735115706,1.55534715686431,1.2896703722586087,0.964
0.9699004447275462,1.5463736660098455,1.2484796581244164,0.968
0.9878583192612954,1.5367823564825562,1.2372564433389213,0.972
0.9800042862506972,1.5244469476823936,1.2102489956527755,0.976
0.9695697993675383,1.5092370920430753,1.2028750556465062,0.98
0.9822518077424877,1.4386283428927893,1.155697238063845,0.984
1.007943886835872,1.387232472509461,1.139612480970186,0.988
0.9951368035312594,1.373288497386916,1.1028688457336218,0.992
0.9883016979212704,1.3866285668643072,1.0296967998401056,0.996
1.0056791051871372,1.42459476922757,0.9700412742645274,1.0
1.0350170648271901,1.4419567628217074,0.9423284763315901,1.004
1.0786059715397391,1.4837202163464716,0.9001460480264641,1.008
1.0679515114794857,1.4413917867527943,0.8685327148800464,1.012
1.0771043953334591,1.4511823185610893,0.8228316792229722,1.016
1.0781515624196332,1.4909303431913465,0.8265018993223301,1.02
1.037920431025803,1.4969813243568943,0.8162459775292088,1.024
1.0158452897689594,1.5105485544414692,0.8282903673865858,1.028
1.0304922620128951,1.4974695695235671,0.8467376060601646,1.032
1.044923998547264,1.4759485618253434,0.8768046086791985,1.036
1.0453336372388173,1.4573539356461258,0.9144007128607833,1.04
1.0496304388946869,1.4606075892246984,0.9674022165582827,1.044
1.0615661910479133,1.4403882052040113,1.0294081130439032,1.048
1.07378817721687,1.416605646704007,1.0905677961720857,1.052
1.0546150374984142,1.4159299627400221,1.1554334006897227,1.056
1.056861055827142,1.3895861516853456,1.224480980447599,1.06
1.0840875674477812,1.3753216122419694,1.2536550660141836,1.064
1.0647460162780977,1.3769273333866832,1.3415012196272413,1.068
1.04936820998712,1.3699326492310733,1.3716321197747119,1.072
1.054121186853402,1.3843871863042547,1.4332072560217206,1.076
1.0509637449782894,1.3845923459716043,1.4453963883916594,1.08
1.064508980327415,1.437654755076665,1.511867033674604,1.084
1.0802762319458525,1.4642941620665255,1.5890275325959753,1.088
1.0865885852018138,1.5100433284663681,1.6456318017049314,1.092
1.090663267498485,1.555669073675429,1.7041767394863967,1.096
1.09218212628442,1.5862176421232148,1.7291244514391546,1.1
1.093406290952902,1.6195971971235752,1.7820520207132156,1.104
1.0959422570930202,1.67552510565731,1.7653243565508279,1.108
1.101422330022663,1.7034857691244705,1.7978471410188177,1.112
1.1057980057869883,1.7505672828886523,1.7907130336825219,1.116
1.1153591802355642,1.7776242295484435,1.7738459970558917,1.12
1.111064019431395,1.784253110000974,1.7284892970506112,1.124
1.107996378931333,1.7243336173671355,1.7135541053700611,1.128
1.1111003040764265,1.6697796081692826,1.6814652219505497,1.132
1.1164861421841763,1.6087300197958267,1.6637180901479578,1.136
1.1152178497655811,1.5721834986576306,1.635116062527734,1.14
1.1152521587316746,1.573271336212489,1.6143543951798252,1.144
1.1247777409185833,1.6286673364815096,1.6373969630290963,1.148
1.1335135151260338,1.6672577079691682,1.6613517174869838,1.152
1.1382866265508131,1.7006879246327808,1.6868432770987376,1.156
1.1548000758492976,1.71783001923875,1.6968940976234288,1.16
1.143523102409851,1.7208164848688527,1.6943145512146456,1.164
1.1485120811315839,1.7611350569035162,1.6935405724048835,1.168
1.1499865520986616,1.8096196600745122,1.6953386945000117,1.172
1.1597087291351909,1.8578090140857308,1.6806608130572955,1.176
1.1637318994106158,1.9152211887353412,1.6750457238352578,1.18
1.1820419415143166,1.957543357988109,1.6592644005763861,1.184
1.166431471348372,1.976466573348306,1.6384736927010204,1.188
1.162635277691461,1.9955049968971992,1.6148133665371787,1.192
1.171037465269696,2.01383807457766,1.5951299027062753,1.196
1.18022733223743,2.0353690092162666,1.5917770907451596,1.2
1.1944223267146286,2.0483520372414667,1.5795901179491538,1.204
1.1915533941223102,2.0574613586842116,1.5514131100523334,1.208
1.191454879087433,2.066489684617262,1.5342943451339297,1.212
1.2003297586521278,2.071549096425086,1.501179568608142,1.216
1.2173215973747449,2.07760755748464,1.511023715360465,1.22
1.2082097943093122,2.0841880612814774,1.5197039045032719,1.224
1.2359466511221275,2.0881975628574163,1.508885739039929,1.228
1.219486783402314,2.0979492808535642,1.5401330309796597,1.232
1.2271803707322715,2.101209267875603,1.5526289468969703,1.236
1.2239942514801954,2.103263036443683,1.5693517256334228,1.24
1.2254810360246124,2.102582561472173,1.589912800757658,1.244
1.2398619356873277,2.0996657421521405,1.6133136136799158,1.248
1.2393891427549613,2.0922176752938606,1.586944964518966,1.252
1.257848572987505,2.0848222338838744,1.5789418267720599,1.256
1.2847429915169577,2.0774272195669337,1.558470006277337,1.26
1.2556900393131074,2.070061832210004,1.5709787984610966,1.264
1.2590464172350675,2.062942746507761,1.6174861066799955,1.268
1.253937348399808,2.0533531070828337,1.643818326154411,1.272
1.2517597788648749,2.042480982177126,1.6388283399069188,1.276
1.2480556570546995,2.0316234609271153,1.6223072283504,1.28
1.244671009733729,2.021035975501074,1.6208821533808484,1.284
1.2645989812401688,2.017567311405575,1.668981696205474,1.288
1.2849493390595776,2.016553593786674,1.7028838159140172,1.292
1.2898965869224588,2.001588312602339,1.7325391409059063,1.296
1.3162956690675802,1.9742097882902108,1.7191557502953263,1.3
1.295572324770388,1.9475591245564716,1.7192133572734518,1.304
1.290125543888813,1.9287693877973662,1.7192860442696491,1.308
1.3195608330533333,1.9152909652211374,1.7298020249657942,1.312
1.3367061206337674,1.9209414204599744,1.7403307172625802,1.316
1.3311511089412364,1.9518625157293377,1.7750157525419743,1.32
1.3529820775374946,1.967106084472206,1.7741305509882959,1.324
1.3216805702853855,1.9756577150941328,1.7682926309369167,1.328
1.3483122733056152,1.982550279992615,1.7701164635132451,1.332
1.324967044585872,1.9949878559021157,1.7696198589776804,1.336
1.327291779452107,2.005940596117457,1.7739057048779547,1.34
1.336367358172344,2.0280827168379467,1.8045902420759756,1.344
1.3658432069692463,2.0275153540336777,1.801103031950682,1.348
1.3731798633428935,2.026582560111976,1.7869392905010866,1.352
1.3743725414574677,2.0214940825643324,1.7714415244700856,1.356
1.3356512765652744,2.011427977945327,1.7510789556141946,1.36
1.3440849171740137,2.0015496042296257,1.723708414248441,1.364
1.3556012465379026,1.988432231928988,1.7050465315631518,1.368
1.3517391350379726,1.9766176954317343,1.6698061166317446,1.372
1.3620195720992445,1.9658120479929717,1.6508477852358414,1.376
1.363686310920544,1.9541251846048995,1.6222172194357745,1.38
1.361027256326546,1.9550465541316067,1.6428967919942676,1.384
1.35662068430484,1.9427957610927722,1.6166268181003767,1.388
1.3555587516938954,1.9255052751385047,1.591137066543825,1.392
1.3433786915045132,1.9053530291523433,1.5823940834573695,1.396
1.3566842916683246,1.8865510520119622,1.5771051150911266,1.4
1.3847930468301197,1.8622887020805214,1.5696587982959553,1.404
1.3746513952778,1.8382754791741187,1.5780303340727657,1.408
1.3599738636874592,1.8082703447528123,1.565548774192882,1.412
1.3692312134533717,1.782726496940591,1.5713456855103616,1.416
1.3710803256995774,1.7558741491149428,1.5880578778544905,1.42
1.3958214341408233,1.729834725275674,1.6361761572569682,1.424
1.3955795052684083,1.7173110073523479,1.692795615020886,1.428
1.384228738577,1.6900148840933573,1.6849343045446776,1.432
1.3843405012946226,1.6267480900993063,1.6707223949045065,1.436
1.4291352825765662,1.5710840596896516,1.631091438638603,1.44
1.4819130262727047,1.5613399099537377,1.6295909692512516,1.444
1.5642815142146869,1.5489888155057863,1.6475164241302191,1.448
1.5360514782466066,1.5507596791978109,1.6813541800812235,1.452
1.5239731778974588,1.5149807733616796,1.6499213398031982,1.456
1.5226114387857486,1.5261016940169208,1.6461508109452032,1.46
1.5195101182479664,1.5383212824061745,1.6543998214247548,1.464
1.5066882668126746,1.5824929660764608,1.667392957815818,1.468
1.5022455567510613,1.6585274450347367,1.6585271263811854,1.472
1.5159567891528385,1.7142713655640451,1.6735127848204925,1.476
1.4999326933227277,1.7203408556023427,1.6636327816851129,1.48
1.5236527127983,1.803392475004766,1.6838248610894273,1.484
1.5260812978181106,1.8362915592548719,1.6909940554058251,1.488
1.5345844549111884,1.858365117364759,1.7208591285373602,1.492
1.5595966953128397,1.8236935289655374,1.7227651170160307,1.496
1.5894813319962073,1.8309562175665788,1.707690900772095,1.5
1.5730317443590656,1.8010393883609908,1.6847262536859933,1.504
1.5655769787621776,1.7941075424843507,1.6713205216619267,1.508
1.5426015550311207,1.8339852277967215,1.6785172944408926,1.512
1.5377063095376269,1.8795158659465843,1.6843603966774985,1.516
1.5361956564034758,1.9521808806266299,1.6880123033188819,1.52
1.5250624456171582,1.9593972360355578,1.63911360673491,1.524
1.5274330449804208,1.9748904208079257,1.5957240573162916,1.528
1.563011278950455,1.9715522033028292,1.5361694743600165,1.532
1.5511611574394564,1.9441106212718227,1.4495086216241428,1.536
1.5354961403231702,1.9205242293632199,1.3989171759384165,1.54
1.5193987852705342,1.9065721951685812,1.3727625605844436,1.544
1.5510234575175923,1.8772290187072507,1.2968843412142765,1.548
1.5419872902312743,1.8472907720463514,1.2309819815954923,1.552
1.500508012357913,1.8490804958264726,1.1966202875222534,1.556
1.5093305285013143,1.8780688643159533,1.1706083363480073,1.56
1.5377422789699475,1.9253663162654837,1.1217196078783747,1.564
1.5648737632408085,1.9396578300559542,1.080650427745823,1.568
1.5950972492660302,1.9444564883892725,1.041924695602797,1.572
1.6081573570939371,1.9321384787465907,1.0057969181917366,1.576
1.5965617838039068,1.923319226031693,0.9654772458961305,1.58
1.581710497091021,1.9417065746778825,0.9369589615524174,1.584
1.5891058927267205,1.9192797595884148,0.9222047664961449,1.588
1.5998748835952723,1.9031433758095455,0.9037812911288136,1.592
1.60971144715804,1.8771262510275644,0.9055451654688905,1.596
1.615965165008554,1.8765380579572455,0.907356615750152,1.6
1.6000571643314077,1.890856898515429,0.9121157144797659,1.604
1.5999974256277132,1.9196783861984124,0.918704429764222,1.608
1.6055520493909103,1.93601646582229,0.9211187133435363,1.612
1.5890003051390684,1.9299530552521205,0.9265950475021917,1.616
1.6073454325707894,1.985514286494238,0.9342724534210214,1.62
1.6278384110585356,1.9929708322973112,0.9330887547790461,1.624
1.640616113380489,1.9868706420847868,0.9270110552516407,1.628
1.6714130265855072,1.98201951968297,0.9238675489256413,1.632
1.668860017414333,2.0208329597163694,0.92713280249447,1.636
1.6621326364945836,2.070256882105093,0.9358098578047466,1.64
1.6599394599174653,2.123249509535964,0.9500101977937236,1.644
1.6477635172807616,2.155516314700327,0.9720880315130106,1.648
1.633152474707074,2.167279820676692,1.0032680347217136,1.652
1.6167426016495348,2.1616363385396915,1.0355353365347624,1.656
1.5966708922564352,2.1554489593876043,1.061556548336637,1.66
1.5846778574269627,2.1575907141277626,1.1006482325808336,1.664
1.5896471460289356,2.156924966947742,1.121352065878824,1.668
1.5976166175708506,2.1378468441399607,1.1555937559158997,1.672
1.611291300613719,2.1239832450854212,1.1905887412324743,1.676
1.603217822893202,2.1153778309776583,1.224099639164511,1.68
1.5997721735994843,2.121468124024588,1.2834344731341079,1.684
1.5900295499933461,2.122090995430781,1.3205221676792995,1.688
1.5903554981679475,2.1277620868280898,1.3701989791717393,1.692
1.599815691535694,2.114317415092432,1.380231541942449,1.696
1.6039661070280644,2.1014327699448665,1.463110192511185,1.7
1.6281273357830406,2.067700348897489,1.4925480292702817,1.704
1.6565137804531591,2.0470867201867904,1.5629051033199994,1.708
1.696523322351292,2.025798427345916,1.6435605557592379,1.712
1.7182049205880312,2.0212942565536327,1.6715312332764067,1.716
1.7406114499313265,1.9893858115165897,1.6922392601458822,1.72
1.7616498165766494,1.9699447698485075,1.7502367168162487,1.724
1.772864277684734,1.9518297481093454,1.765233820210298,1.728
1.776969406197743,2.0043882559955764,1.8556256574410608,1.732
1.7754768956788303,2.022689687562548,1.8776187966356583,1.736
1.788237824882279,2.0435020200514598,1.9059531116036794,1.74
1.7857465115925193,2.033103752794683,1.944185655692918,1.744
1.7676701769694567,2.0190908036982904,1.921803162372376,1.748
1.7530208651996662,2.0170010659378654,1.9678987826887446,1.752
1.750649453926183,2.0197768578074142,2.009870611122118,1.756
1.775407206379609,2.031531533186833,2.0379370855954324,1.76
1.764080043323074,2.0498024243413444,2.0913365940868536,1.764
1.7656512620976865,2.063788747387236,2.0767582037148595,1.768
1.752684101313731,2.0862499623560598,2.117462598060889,1.772
1.7905543309120326,2.0869559366287445,2.111389669265966,1.776
1.8064324806891605,2.080687156169854,2.0956210233761463,1.78
1.8177721523789985,2.0728511407524812,2.075392757546879,1.784
1.8217136877087496,2.06479754155808,2.068829444476786,1.788
1.837766194093935,2.050476888841621,2.050830021697159,1.792
1.8174287879150959,2.03241798519833,2.0166665137417024,1.796
1.840752133287704,2.0133381199709524,2.004651478663073,1.8
1.8359912052706824,1.9944337046200582,1.9844031236032105,1.804
1.8236959365489265,1.9853449969819086,1.9939353418878567,1.808
1.8249997515941145,2.0058577468312278,2.0524726360825,1.812
1.8279085223108589,2.00143636684186,2.0607568485545777,1.816
1.843108444675506,1.9676363029546144,2.0122012650722,1.82
1.8424757923346504,1.9389275517451154,1.9856779364587378,1.824
1.83966502064666,1.9346231305789785,2.0413191108457,1.828
1.838939088014236,1.9169621003661812,2.080485724390169,1.832
1.83658367859906,1.8504872333271676,2.0685121772743287,1.836
1.8548061544403522,1.7888964691431666,2.04667119551276,1.84
1.849570241283669,1.7795179775102257,2.065990489125146,1.844
1.8483979682533391,1.7756068572134758,2.100142018202823,1.848
1.8435175664167427,1.7248928954535945,2.1097854536172442,1.852
1.8530318866907414,1.6445206564768677,2.0978134929764187,1.856
1.8576106823445344,1.5750730359712748,2.0725112940128,1.86
1.8582831558227797,1.544206409381898,2.073783746472067,1.864
1.868189373179305,1.417142741393554,2.032173772001323,1.868
1.869605645250027,1.3499239727141226,1.9944696881903121,1.872
1.874871531706956,1.313177722096236,1.982894795572765,1.876
1.8846777563069954,1.1895566852092978,1.964408473397168,1.88
1.882704272765886,1.0841777136547661,1.970070374071456,1.884
1.8968464534006149,0.9622460522278243,1.9840628275905385,1.888
1.9145869342844184,0.8271928335529327,1.9640358664556574,1.892
1.9206979715942751,0.7205933992473758,1.957546510526704,1.896
1.9265935528386497,0.6249729470482428,1.923595474283989,1.9
1.9174056040980287,0.5266269220908746,1.9212197248868013,1.904
1.9252774234049226,0.4358853977233233,1.8887876105002206,1.908
1.9149621371853434,0.3493380023618434,1.8986537081637371,1.912
1.9144017947647922,0.26738644528962785,1.8397696328518174,1.916
1.925582681471776,0.19930726672479102,1.7605798892642894,1.92
1.9303222756699463,0.12318501868065597,1.732270333516668,1.924
1.9246867874889428,0.061347331705204164,1.7529199328410459,1.928
1.9281543366474272,0.02461567899278662,1.8097883711744966,1.932
1.9279541526840533,-6.394763497111971e-9,1.827863989475463,1.936
1.9346432155534952,-0.01877643549996215,1.8605309733365962,1.94
1.9411525557082094,-0.007907620357923556,1.8379621255176888,1.944
1.9537877375438726,-0.017086586700472334,1.8337968005071077,1.948
1.9588869221876826,-0.0069016335434617885,1.8008703493289655,1.952
1.9574080178273645,-0.011474695824548319,1.7532003804454581,1.956
1.9488945804106943,-0.005889675779025876,1.6844692388471594,1.96
1.9592477521378584,-0.014455278803644356,1.6880810670445934,1.964
1.9545816618918834,-0.016849761714628247,1.6253540830375102,1.968
1.9641910598905055,-0.01609259563036262,1.617962756065478,1.972
1.9801249015566005,-0.019120793410358,1.546693393582873,1.976
1.9873213936303469,-0.01404709138206462,1.5130051800258322,1.98
2.003919903684724,-0.00501615891438462,1.4651530048196264,1.984
2.0196541965253374,-0.01212550480383903,1.4236223827938397,1.988
2.0205440046343104,-0.01123945846373881,1.4233659775980727,1.992
2.018351640462338,-0.007213921748965898,1.3673016368794384,1.996
2.026582562424051,-0.010862103362633041,1.3620749710640518,2.0
2.0398152219110233,-0.006590682694000173,1.3116484019406747,2.004
2.0400042204950637,-4.186341631430971e-8,1.3017844438833033,2.008
2.0458979793271137,-0.022480731081098927,1.2591340408848284,2.012
2.0452388888848825,-0.009424974831180835,1.2538965417268175,2.016
2.068286955471182,-0.01817001885265909,1.2279666050412066,2.02
2.0705263239532123,-0.006264811293967469,1.1924412339533783,2.024
2.076251353229021,-0.008185900730191643,1.1519447014232058,2.028
2.142515869814901,-0.019437620511891025,1.1143397727782305,2.032
2.190212810706967,-0.021101113162845825,1.0801381434392037,2.036
2.21573334810879,-0.0077174896511612,1.057037424023849,2.04
2.266395530606593,-0.005690783958128506,1.0426925678174572,2.044
2.2525658777349475,-0.01002868118256932,1.0343219243021151,2.048
2.261437941814744,-0.023376180320311604,1.057721772646347,2.052
2.2815478002429908,-0.012768859136790236,1.062267134150847,2.056
2.2794392467598037,-0.003914879580197936,1.0988528445525543,2.06
2.2785015475850243,-0.019405225422591068,1.1466303048323085,2.064
2.2748630125654747,-0.014733321302036516,1.188057727890106,2.068
2.2723826810036885,-0.005125922561656847,1.2370665373034486,2.072
2.270812255666696,-0.018272743945421558,1.2728095746783104,2.076
2.272914962876713,-0.013019836169427616,1.3363421365475852,2.08
2.309993783365144,9.573946911678566e-9,1.3965461373683552,2.084
2.2824190207778905,-0.0004836610157988559,1.4197560727968899,2.088
2.254383642973462,-0.008888628866131029,1.4596435700286219,2.092
2.225516594604591,-0.010223895302617482,1.4706788164936007,2.096
2.21169021007341,-0.003377888108197606,1.4761531434748871,2.1
2.247914070965129,-0.017756827481002078,1.4409326492834438,2.104
2.256512241749682,-0.005007655281035207,1.4278802360694942,2.108
2.2624772490612015,-0.012638377081489183,1.4128620415087563,2.112
2.2592869763499657,-0.02466746106132998,1.3764238913314184,2.116
2.25514832794612,-0.00846227371443944,1.3765169436565894,2.12
2.2452166728738483,-0.0011280929494981253,1.3263816228672214,2.124
2.235405607089003,-0.0213322004523979,1.30327387037668,2.128
2.227810127019607,0.0012869386227159956,1.2807023548103866,2.132
2.2338792841275263,-0.012211649172687213,1.2481729621191464,2.136
2.2299038776164344,-7.203674210509243e-9,1.219837535975942,2.14
2.229020405273922,-0.010774371138309178,1.1987777943108917,2.144
2.217592762108428,0.07868184404830844,1.1856682364700362,2.148
2.2069603889232052,0.14086631432993757,1.1845870095511184,2.152
2.214349068713065,0.18941468579240034,1.1902269619373065,2.156
2.1934397729066797,0.23699218721584123,1.1934511950196398,2.16
2.1899353638590937,0.27386190557023793,1.212434049638817,2.164
2.184462640472238,0.31207193304711656,1.2296730276047694,2.168
2.1799712158245828,0.34510017222046985,1.2475004453836287,2.172
2.1790076808215413,0.38370810061816135,1.2704032566397785,2.176
2.21265162465,0.40818704772922837,1.2998014884601032,2.18
2.212956107493626,0.45141266192453583,1.3432668406186696,2.184
2.2052679389396994,0.4895974052382615,1.3837759554261513,2.188
2.1994441799834923,0.5051777270104648,1.4436213814913705,2.192
2.195132111940085,0.527857977512983,1.4789857028452873,2.196
2.188854646258347,0.5633338909692086,1.5499867235633993,2.2
2.1675796916388737,0.5904621789995008,1.6046531161862156,2.204
2.166090287085525,0.6319165026206478,1.7016856020347526,2.208
2.167324280672967,0.6821201859958909,1.768048910820205,2.212
2.16230335424186,0.754801266530146,1.8162832502240902,2.216
2.1647459787253136,0.8218976225806665,1.8772667696709973,2.22
2.1679394329520565,0.9062835445436677,1.9447779298811332,2.224
2.1700213593877904,0.9764792127353812,2.010243445894837,2.228
2.1486251487287893,1.0288020576899566,2.0919389925456127,2.232
2.1376208812136115,1.060532791957988,2.16272955441827,2.236
2.1420508631123085,1.1010128404546284,2.2275600172333894,2.24
2.1448589990085516,1.1503541832254602,2.3104143602841836,2.244
2.1539993037446274,1.1929056434303222,2.3585998880549757,2.248
2.159027353419868,1.2545699296142871,2.4328481501010573,2.252
2.1416124319108403,1.3096545857842594,2.489354916081775,2.256
2.1328767961784783,1.3617333198370767,2.478713129532769,2.26
2.1401305582364083,1.4144778576886126,2.5319283749934405,2.264
2.1318476556125487,1.4749508089412122,2.5804294030332517,2.268
2.1244117166216525,1.5485335248302228,2.616367542708006,2.272
2.109170324125358,1.6062183141821758,2.654613863445608,2.276
2.095977021996365,1.6625122794020737,2.635602118966267,2.28
2.082527869177167,1.7029410423490374,2.6149933830069787,2.284
2.0856104541336355,1.7415108580800527,2.583667360585007,2.288
2.0942271287836016,1.7684101626785673,2.562161337941195,2.292
2.1243097950046113,1.815659568489761,2.5451705373414373,2.296
2.1662864735850818,1.85110042752254,2.5159576750007306,2.3
2.185634090182607,1.8667351792747837,2.5000324982042996,2.304
2.1990917885274905,1.886066321227279,2.47628310485156,2.308
2.2184922037790935,1.9122718417686597,2.4293431350036747,2.312
2.240236839231659,1.9311060190677283,2.355166390583209,2.316
2.2827361192884355,1.9411393127985497,2.320300267917808,2.32
2.3144100370949188,1.96296251524985,2.2681189918890805,2.324
2.34109873618936,2.003951791724675,2.2546478383351856,2.328
2.3771630836955278,2.0617393425188673,2.279185892223148,2.332
2.4067960712086736,2.1208677924000594,2.2350206364264213,2.336
2.432191858621865,2.192139856944174,2.2136369042954165,2.34
2.46367595689529,2.271995832462092,2.2491070265460613,2.344
2.4925496829173377,2.341257859831024,2.2322840554978614,2.348
2.5021236094885126,2.4181050328082683,2.204446643692253,2.352
2.5182739139092165,2.4749177632818817,2.188790855054296,2.356
2.540122436085405,2.533960926691953,2.1992150011431795,2.36
2.559933855248356,2.5494233853957766,2.217034715213697,2.364
2.559620327650386,2.5658045196074557,2.2446006909188596,2.368
2.571451374785817,2.5255786120191175,2.2549941876302517,2.372
2.569802531139512,2.482514457453622,2.2653448859475014,2.376
2.563082867156269,2.5250887727487834,2.3356283193265193,2.38
2.5594346943026722,2.5716839125497204,2.3887591715768606,2.384
2.5580000401341034,2.605869484975836,2.4263811936920003,2.388
2.5449332966688933,2.6637888376223313,2.502447994505427,2.392
2.5351430099467374,2.688741070793717,2.515243170369632,2.396
2.5250376595473956,2.7086024446591654,2.498055239025283,2.4
2.512955552876612,2.731469131162663,2.504510730834604,2.404
2.507069153207688,2.7564189662289227,2.511349323780199,2.408
2.5104611168378996,2.780332483133457,2.5227970773280517,2.412
2.5159314463782465,2.792378797499444,2.5050725350404024,2.416
2.529912018730012,2.8017674582471286,2.4894504622428886,2.42
2.5384661854537733,2.8067936615609423,2.4678124963997967,2.424
2.5418381764828064,2.811648797120361,2.4571813173205874,2.428
2.5437224072148434,2.816567262709337,2.443997607996615,2.432
2.548544077251487,2.821632132309699,2.424807222408765,2.436
2.550912404867575,2.8265359901921303,2.4116500185721654,2.44
2.5480056164240414,2.832716061142471,2.4062394146187356,2.444
2.546077892129612,2.844438118151478,2.4208681007033936,2.448
2.545095240977406,2.860955449447423,2.4452123089142557,2.452
2.544360371790989,2.8703463153204223,2.4325491289908894,2.456
2.5374089284556725,2.879023944493256,2.41473135790766,2.46
2.532169953203185,2.8805468654243893,2.3989551728836878,2.464
2.531627256780074,2.8828147621617353,2.3890288538148847,2.468
2.5290826944375953,2.884324455390504,2.40006341565048,2.472
2.5281895660409544,2.891193184775973,2.4349712837412567,2.476
2.5233644901628085,2.906420782905696,2.508780739084839,2.48
2.523942319878001,2.923665521298328,2.562726891423703,2.484
2.5135408310636382,2.916581436416715,2.557318140152381,2.488
2.5079691938372446,2.90948821316104,2.5426294940390837,2.492
2.5094811152810155,2.9026893112506773,2.5360678561310666,2.496
2.505253546652215,2.896029080949923,2.5412297331415026,2.5
2.4979416574119604,2.8912880749947196,2.561454854218158,2.504
2.503715323248774,2.893908251588403,2.647186509429258,2.508
2.517320526663461,2.8787827499570606,2.6684554917703673,2.512
2.5185449979612717,2.8651898475901802,2.662501420923409,2.516
2.524419337560627,2.8523276501723407,2.6078290825770356,2.52
2.5275690343321338,2.844631229679883,2.5687464936440976,2.524
2.52717621043818,2.812241121600177,2.475940341923432,2.528
2.5269730106556376,2.78003784092243,2.45060574763737,2.532
2.529330283209111,2.747462152490245,2.4535286862430277,2.536
2.53604451292155,2.7122097956237208,2.47395363320455,2.54
2.549166755847118,2.6765837993476893,2.496142994397882,2.544
2.5548439478328553,2.6413372006302756,2.458212137014241,2.548
2.563631893041715,2.61650266140462,2.4811950526357345,2.552
2.5741965568180514,2.6072801704085946,2.4956187323564736,2.556
2.5804207010125024,2.5871679696523344,2.4962536948656657,2.56
2.5897221351278596,2.5700298594166036,2.436912892391005,2.564
2.594869325261225,2.557318074787209,2.434091258825782,2.568
2.601192131718326,2.537169081795232,2.4574726156084035,2.572
2.609013427960993,2.511691744302466,2.4286698926934642,2.576
2.6115461683654266,2.483755973270256,2.4060529131879798,2.58
2.6138005702887406,2.455804634107723,2.408833523612584,2.584
2.615922060495353,2.4278769392829336,2.3847868896817395,2.588
2.61810389721354,2.3999812026100944,2.3869006785748677,2.592
2.6208626175625303,2.3736164356943625,2.3731997810613614,2.596
2.626356623908521,2.352793807995466,2.3454617674244935,2.6
2.6342354895044187,2.33737099314886,2.329159471524005,2.604
2.6382054674130013,2.317096388064049,2.352370955654569,2.608
2.640835066288131,2.292248217867315,2.3332176983873327,2.612
2.6414978427118805,2.3070564620328033,2.3138459513397844,2.616
2.641840644014779,2.3260544080474146,2.331694717708773,2.62
2.6421891796410755,2.3089356988463208,2.3149527126360634,2.624
2.6419460322373918,2.308239855817465,2.334466594826246,2.628
2.641939398222189,2.3289588519443742,2.339693770483563,2.632
2.642698438443491,2.3742409889234573,2.3820143759922816,2.636
2.6413801054043233,2.3917020857437636,2.3956185975430837,2.64
2.6388431859720636,2.403109806778826,2.4029549760190214,2.644
2.637064433741782,2.410929090078748,2.401193704884042,2.648
2.6424250784659846,2.416442606781673,2.403273070836536,2.652
2.6431665165821645,2.418140947034451,2.4152988597111418,2.656
2.6475315029696245,2.414600254562359,2.4274228690364734,2.66
2.653688048690653,2.4159337806674785,2.4179000167675855,2.664
2.6675557427770475,2.459414122151741,2.4304172975427933,2.668
2.6810403022188822,2.4891053105159298,2.44077017070292,2.672
2.6691665442079464,2.5207837146564707,2.4512297265801446,2.676
2.661953135230067,2.575062348647768,2.4993390438280607,2.68
2.6631813292627453,2.624225727628077,2.5611129516544384,2.684
2.6775952563607115,2.6517779722848647,2.607178154916023,2.688
2.6830728091009077,2.6758962599467493,2.5969231837305466,2.692
2.699016325200852,2.6941492382044863,2.617012435578535,2.696
2.703702720463778,2.7119509564513744,2.591177991497354,2.7
2.7038272273859425,2.7290964541685767,2.6250454780167467,2.704
2.71308364653876,2.7401790057667297,2.615238213659708,2.708
2.730202039753853,2.7489003672528067,2.6125445569628734,2.712
2.733186457948373,2.764100357549931,2.600932511678054,2.716
2.743914341862565,2.7878982917202855,2.682165992490538,2.72
2.766042701004305,2.8043879275452914,2.696016641447685,2.724
2.7978350125875378,2.8113308943068196,2.7008395762652113,2.728
2.8114767106773724,2.8292419950270964,2.7188629878321264,2.732
2.8147277611884447,2.8339597236852376,2.6914007178364083,2.736
2.8176530126804975,2.850120946243245,2.7144385284530315,2.74
2.808547561307042,2.8383185385356726,2.7180943561930633,2.744
2.7878240912542958,2.823279368717157,2.736132185043752,2.748
2.7607707143507914,2.80406092737394,2.7309499749614905,2.752
2.7356898186823178,2.78246078120714,2.6701573815847097,2.756
2.7253315794583006,2.7635940638229592,2.5801256493632145,2.76
2.705854703302648,2.7649370707274254,2.555380739661865,2.764
2.6834430153147224,2.7940108876167495,2.610801065332584,2.768
2.664446279936446,2.7888551875373397,2.5682464353911176,2.772
2.6602996829915537,2.784297123754245,2.533098850172369,2.776
2.662595029166471,2.7725279891506123,2.5145554465041164,2.78
2.666880684635827,2.763237927819766,2.550224893176276,2.784
2.681652139458866,2.763795278997013,2.564750690718497,2.788
2.6944902761586116,2.746698520851072,2.62636371669041,2.792
2.707965170197677,2.7410188709224133,2.6984590682926917,2.796
2.713437557641161,2.7414923317640705,2.701123044921329,2.8
2.7218452715461843,2.7538836772240463,2.6944637005102248,2.804
2.728816719440989,2.768978873216887,2.6899755222469643,2.808
2.73553114798836,2.793937308976205,2.731494367414529,2.812
2.735411337981068,2.8134277420717106,2.743704157000743,2.816
2.733057938769267,2.832473837758978,2.7682637496925,2.82
2.73359588532756,2.837588919212075,2.7504554826326584,2.824
2.7477572091983467,2.8468662495530737,2.768557399393921,2.828
2.7728124802296468,2.847098107045378,2.771846415136317,2.832
2.8042489760639473,2.8563593222267607,2.7856013029454445,2.836
2.833877676054945,2.8866946715017185,2.8074223430575738,2.84
2.860338711445842,2.895845547117772,2.8146331735279695,2.844
2.8779593672267882,2.9008140303419103,2.8145726854717954,2.848
2.8967610896311613,2.913632381281538,2.8143889337076042,2.852
2.903113649263298,2.9331426378528964,2.822238218813319,2.856
2.9138770468935014,2.9542659938180478,2.8281221313557694,2.86
2.941228275349686,2.9724320582967922,2.8169586810848974,2.864
2.9987242618458185,3.001252187314172,2.8144783587675333,2.868
3.0310066940778158,3.0004628339365125,2.788730857462433,2.872
3.0554492481519415,2.997546565367941,2.7712730144893554,2.876
3.0786558813595777,2.996214477655892,2.772278195462605,2.88
3.067664406012511,3.0064616551771515,2.824387875962824,2.884
3.0551057701452815,3.032930859041803,2.8679288401561953,2.888
3.0398543347682576,3.036991847116835,2.8774732101398834,2.892
3.047868072085289,3.0383489865256967,2.871533777455022,2.896
3.0578738902727456,3.0450512048369713,2.8710977897730765,2.9
3.067897702230562,3.0395043093283314,2.872175729899297,2.904
3.0888118599187364,3.0386712089938777,2.903131354610163,2.908
3.0960803336193714,3.0383667268126175,2.9250602430349324,2.912
3.105953753073143,3.0413938769435367,2.94508447692811,2.916
3.087233783009305,3.047265189090898,2.960886625606123,2.92
3.0670976243283783,3.0523088149780344,2.9720646909275423,2.924
3.0702715390786204,3.0630133917565634,2.98167050603925,2.928
3.0480738260006537,3.0635961108805083,2.975055550713804,2.932
3.0289104270817466,3.0605985450298085,2.9628982816555576,2.936
3.014606715434958,3.059714940811875,2.96000944658209,2.94
2.986729837844321,3.0638087939917855,2.9653828625174614,2.944
2.961573426142874,3.046804252622746,2.9487092985133425,2.948
2.9529100810177575,3.0287870103884735,2.9328504725951765,2.952
2.947629474084007,3.011030237778832,2.924023116468183,2.956
2.928638397552628,2.990037907457643,2.9159665141516533,2.96
2.931929458361956,2.968067323724704,2.895178201620023,2.964
2.9252917436379557,2.9461996701414583,2.8925204402559612,2.968
2.9170961523272236,2.925092883776938,2.8749053364078843,2.972
2.8984107164179305,2.9014265680451565,2.8625596047776463,2.976
2.888028726197256,2.880202337663035,2.8473757135349365,2.98
2.9033491261225124,2.8587608367050885,2.832040674190643,2.984
2.8982716803197843,2.8399473272713216,2.8194337886573595,2.988
2.8943760045182834,2.823081201492104,2.798467296117622,2.992
2.905389069342609,2.809114200881939,2.782980736953083,2.996
2.9771023648741615,2.7852757946866338,2.7555650317824307,3.0
2.983533126063044,2.7714787226319064,2.750829677366769,3.004
3.0115643592557553,2.7631612807311052,2.7537140883080244,3.008
3.0145109680818614,2.7680942077272004,2.758978172671062,3.012
3.014706500310881,2.7899186295182274,2.8252045117991105,3.016
3.0219070977178113,2.790042819856431,2.801472203671474,3.02
3.0293424981057337,2.782863762730609,2.797486250036086,3.024
3.0195924761998003,2.774368199536191,2.7587011684277476,3.028
3.0105195970024727,2.7673890838314597,2.7543991888333195,3.032
3.0139744210330033,2.766759082250733,2.7343497475986736,3.036
3.0187051875053923,2.760724321696508,2.729231073801932,3.04
3.019892858526763,2.755008372943077,2.7236221782860746,3.044
3.0242994356684334,2.76403714189705,2.743300872484965,3.048
3.0392141633444765,2.779366439755897,2.762160865421961,3.052
3.041204592336264,2.7844185663126084,2.776852390323369,3.056
3.0445965487797952,2.7757422500864166,2.7798209996761845,3.06
3.0524823531263356,2.7643320113770566,2.7768690253556145,3.064
3.0589779719370855,2.756263628558678,2.777251587529128,3.068
3.0621137557661386,2.7441875071974953,2.764139230974633,3.072
3.0730311171399474,2.760525715557422,2.77226601970981,3.076
3.0885673533810283,2.8070992899638303,2.7768854047773006,3.08
3.091495747133017,2.8718928717026775,2.832042519919491,3.084
3.0943812317475836,2.910741735587385,2.841876091536506,3.088
3.0987651959450857,2.936840367255014,2.8918492254319963,3.092
3.1014820310160336,2.9662757960268884,2.883925480038176,3.096
3.1116387680636657,2.982759021158962,2.9046712109628126,3.1
3.1223937364202303,2.9943577483469874,2.8983358809027004,3.104
3.1389502786273806,2.999017604961648,2.9204955949692355,3.108
3.171764883856802,3.003878503371538,2.888846973868284,3.112
3.188533195753395,2.9989602190622935,2.9311314716809687,3.116
3.2069303046262516,2.992953069234907,2.8686374269526085,3.12
3.2265328998229394,2.9889104116175997,2.9042889677566532,3.124
3.2562892456338846,2.9931635297480574,2.8691012054107654,3.128
3.2540916515377756,2.9845039499558355,2.900944360940424,3.132
3.251120077959461,2.9864597564708264,2.883956440189256,3.136
3.248320056297327,2.9824848217083293,2.883490516650127,3.14
3.2460146484023866,2.9788895966827766,2.8473339959200845,3.144
3.248620511755449,2.9726923606718767,2.834249504795048,3.148
3.253526395806515,2.9598794474256924,2.7814862660692494,3.152
3.252361201247014,2.9466879332958116,2.770175990857314,3.156
3.2445241592016143,2.924813267423231,2.699149057687438,3.16
3.238640440245253,2.908648120447304,2.6901911212908813,3.164
3.229831612327024,2.9019276830130134,2.6561818588628707,3.168
3.2235498225892285,2.9180427643277027,2.740177135361718,3.172
3.241825932736191,2.955435798316087,2.8337120947927725,3.176
3.255121959980045,2.9675988356784337,2.85710592852931,3.18
3.27079651818865,2.979621318390335,2.8287202087539876,3.184
3.2718761584522382,3.001911546245342,2.8207608108894475,3.188
3.2697512590040905,3.0257189491918726,2.8143911080089223,3.192
3.2683682002925307,3.058996123798711,2.84185298663511,3.196
3.2792185161389216,3.076726460763824,2.862856562674164,3.2
3.2750524929849996,3.0951346606609467,2.920624614034507,3.204
3.2635192681077907,3.115305232263569,2.982037682870057,3.208
3.252364382690899,3.144962556491017,3.0330448205087,3.212
3.23635596150705,3.1449874941369007,3.006214703614369,3.216
3.212938979624395,3.1450128042928975,2.9575169284604925,3.22
3.1902236592233453,3.145042375981233,2.9100259179235453,3.224
3.161379454657024,3.1451969605547014,2.912371381139287,3.228
3.15978609171372,3.145146409654538,2.957321653048125,3.232
3.1584005967062456,3.145161490907076,2.9818529849000504,3.236
3.1617381998843355,3.1481470032217227,3.0268031339490924,3.24
3.163219875328715,3.1479900607376234,3.0200028594435566,3.244
3.163212618083221,3.1404128342345596,3.0469482229052423,3.248
3.1629664510538094,3.1326863447828086,3.0475038549949374,3.252
3.1693100718597886,3.1251122616207327,3.0158235922155887,3.256
3.174019056859375,3.1184395666262605,2.98682938428377,3.26
3.2172151794466792,3.110207393535767,2.943503225954092,3.264
3.2333561271026614,3.0981740555395416,2.940827465412491,3.268
3.2459707700119553,3.0858902217964377,2.9327003615479605,3.272
3.2266037348263046,3.084624302903538,2.955460380008677,3.276
3.2082760741587433,3.0774916030417,2.9500493931347505,3.28
3.177812221479151,3.062710747684422,2.9927474739380244,3.284
3.1558810327534497,3.045477554804281,3.0097483528319136,3.288
3.155872293370324,3.028060683587672,3.012397691852707,3.292
3.1176214449871287,3.0121997144878088,3.00276588680338,3.296
3.114655596529833,2.9927941559848588,2.960117368790743,3.3
3.180955931456396,2.9709670564084267,2.9327308496773092,3.304
3.199378448966319,2.9623232744252554,2.9128982640011007,3.308
3.1985727367716597,2.986495827583047,2.891046982806385,3.312
3.1895294862133676,2.9783656145524726,2.8240990013861498,3.316
3.1872205736789945,2.969085842587112,2.7967621184162246,3.32
3.1764346382507926,2.958286140950658,2.7895175779509995,3.324
3.1624226334872163,2.946809689692904,2.785959406279939,3.328
3.1480961572275583,2.9290888725232955,2.7593971503309596,3.332
3.1320352859457015,2.907191155625932,2.760500979684621,3.336
3.1153777296784346,2.898704952552262,2.8157892889254708,3.34
3.1047790237325947,2.906059387801612,2.8672596761818108,3.344
3.087645677683997,2.9474440244639575,2.9264690221073795,3.348
3.0752298440382733,2.979311928430861,2.9416284188203616,3.352
3.073082868479338,3.0074219835462204,2.9581812572273423,3.356
3.073339173577455,3.0216689977918203,2.963010747642869,3.36
3.067830646823318,3.038803287055807,2.982648720255344,3.364
3.063181033274845,3.0569291511265737,3.003107179042237,3.368
3.053346035828236,3.0756211068295687,3.023960341426972,3.372
3.0451201017266554,3.0949077335986677,3.034767932881017,3.376
3.041547599535087,3.119735087795093,3.064598061286776,3.38
3.055696606138845,3.1436982344438653,3.0876959007430465,3.384
3.069177026648254,3.154941769058209,3.105454052631244,3.388
3.0798294998619484,3.166384976094251,3.1191872409167045,3.392
3.095228699988106,3.1650981726694214,3.1395172916198546,3.396
3.1146042595996906,3.163956409147301,3.155833573123917,3.4
3.1126107286234603,3.160758133563588,3.1724826401167947,3.404
3.114319190742921,3.1646220428392344,3.1782466962673377,3.408
3.118422268487833,3.1837075964620243,3.194815702926517,3.412
3.115725246474419,3.187418576063739,3.198611484606926,3.416
3.125513438197703,3.1922603256264788,3.210057783658906,3.42
3.1418181129591582,3.200614012537162,3.2052375585916857,3.424
3.157010525967156,3.219578687246835,3.205625194351169,3.428
3.173368323666431,3.2662892112443744,3.2312175782388293,3.432
3.187221352730022,3.309308548196952,3.266911165555178,3.436
3.2075445476318145,3.3679609820270717,3.3071714993234984,3.44
3.214208973217434,3.4025384646623915,3.322650694440268,3.444
3.219318142977629,3.435374408522848,3.3347995395588375,3.448
3.2251105676326337,3.468502359697985,3.3504119014245015,3.452
3.233539808818489,3.5024007651746984,3.3620262186750476,3.456
3.247839125703098,3.548269505056777,3.3974982836597136,3.46
3.2583503346606126,3.564062361435568,3.395369599629584,3.464
3.271852128022167,3.579584944960988,3.3964152926210143,3.468
3.294085580892734,3.5953797234183345,3.3879484123834454,3.472
3.306609521507846,3.6104219890313995,3.3852077389879978,3.476
3.3175235035547423,3.62924059348655,3.381861109704536,3.48
3.3285445810428818,3.6475071512127704,3.3738456851064034,3.484
3.339140816302486,3.6600673393258645,3.3568486515472813,3.488
3.3511571032752756,3.676874422471459,3.3663920969731995,3.492
3.360514838070954,3.6893635215870146,3.369081085261144,3.496
3.3658803357047042,3.7039409245910346,3.3822731679231905,3.5
3.3712495493338985,3.7179077247694727,3.389327697942497,3.504
3.376973785461839,3.7355225431737655,3.414139183512478,3.508
3.383448506872555,3.749868877077727,3.4285548059503705,3.512
3.387618575679367,3.7659721728211903,3.4440251334677354,3.516
3.3871165410548194,3.772090239232243,3.445429825412723,3.52
3.386559598295179,3.7775930040592605,3.4580807338731416,3.524
3.3873688312406083,3.78253654162596,3.454047433135378,3.528
3.3990785240941648,3.78668589325635,3.4607382245140417,3.532
3.4076433429495125,3.7915819015183403,3.4492821923062236,3.536
3.4130986390248994,3.8001366241033914,3.454314105270505,3.54
3.417331021253658,3.805394779198944,3.447257733934117,3.544
3.4217254874046312,3.807675315644906,3.4467233984016614,3.548
3.4288097038811944,3.807276812331233,3.443382306423125,3.552
3.424848848585042,3.805139767906349,3.450589124838572,3.556
3.4268353974486905,3.803366062537591,3.4574076103437386,3.56
3.4306907681449643,3.8114470592435996,3.468086640817316,3.564
3.424837134205236,3.799333105910035,3.4510645230782595,3.568
3.414710786230973,3.787715132575085,3.430713630595827,3.572
3.409063574661937,3.7801205944963945,3.4307894386483238,3.576
3.4035791575910346,3.795374956803531,3.4571445119764133,3.58
3.404171875321931,3.77452055785563,3.4373378781849144,3.584
3.405627886011796,3.7537891221056094,3.408938062751218,3.588
3.407967319194001,3.7328575357749405,3.3729588481010677,3.592
3.40028732083718,3.7121715616484505,3.33875883407487,3.596
3.392753296688902,3.6936467196948417,3.3110499045551176,3.6
3.399505308178879,3.6735047089623123,3.2745932769245347,3.604
3.4074387546450904,3.653962297866334,3.2382480622624588,3.608
3.4197350362668186,3.6326789614499253,3.207527071538125,3.612
3.427848561796567,3.6075033412934854,3.18819007722723,3.616
3.4447344019398343,3.5802963349185486,3.139981105344758,3.62
3.440788731047672,3.5530890439918563,3.095459445344083,3.624
3.4388105981564756,3.5259335009118216,3.0533359115348797,3.628
3.4315212585478974,3.4994217410278856,3.0010692913808974,3.632
3.418113107793849,3.474962279046863,2.916156940792212,3.636
3.414612811770035,3.4665426054023682,2.9171749700747895,3.64
3.398905015065519,3.450466895360916,2.8619801098390782,3.644
3.381718944053381,3.4361951518337612,2.846189237871984,3.648
3.3648424540453346,3.4335334379780362,2.9069313573600164,3.652
3.336371165032427,3.4526587424948825,2.9774141078780825,3.656
3.3036811216036726,3.4771390813479903,3.0562651761246844,3.66
3.280721666121481,3.492542487490731,3.1113862388253484,3.664
3.2498187369520237,3.5071303649901386,3.150148145213069,3.668
3.2194687603476906,3.5212222498993966,3.1529617773263383,3.672
3.189148806186653,3.535359540299593,3.1585174030803462,3.676
3.1934651839934274,3.55169135144238,3.173928579293038,3.68
3.2053402933205652,3.5654437290828715,3.1828949946821274,3.684
3.2065822992814295,3.5841705285999685,3.2205582916650215,3.688
3.205259856976084,3.584734434081253,3.2375350592649923,3.692
3.2053993708275366,3.5850365256333547,3.249206273204403,3.696
3.2032819108839723,3.5846642628888348,3.2684016115442156,3.7
3.190227542429845,3.5857697176050873,3.3169081494403607,3.704
3.179548103857207,3.5815270956779583,3.3043269003519695,3.708
3.1834095406391967,3.5800193325372454,3.287090133195321,3.712
3.183751377231282,3.575182079714951,3.263429145323444,3.716
3.1830979999500766,3.5670915395613414,3.245640814132096,3.72
3.18411169718068,3.558219205984926,3.2079381038555557,3.724
3.184632464747954,3.5495239684926445,3.1736447527569807,3.728
3.1770709879900045,3.5445447807746167,3.1878430722382376,3.732
3.1701377506651447,3.5429029086732076,3.175054166612825,3.736
3.1722000413200697,3.524260085219273,3.1372769313754203,3.74
3.1756535511880135,3.505157251905228,3.133816827518765,3.744
3.175357007328122,3.486963298463241,3.110077436267332,3.748
3.1836161232200024,3.479344087928419,3.116551539677961,3.752
3.2030589393702553,3.4873255322779992,3.0910729798896894,3.756
3.2138707769420987,3.5003212750855006,3.091266272123218,3.76
3.2234663845420792,3.5193708381600324,3.137336896133627,3.764
3.2237031696024796,3.5232964766628534,3.175627307961135,3.768
3.230357350945453,3.5296092639308196,3.1998562318725554,3.772
3.240909878947252,3.539916898396383,3.198890592975697,3.776
3.256934424746878,3.5241983491148816,3.1349377932161273,3.78
3.272289696968431,3.5085352363930724,3.0965741223231973,3.784
3.2928951300439104,3.4950580424161726,3.0753744572071833,3.788
3.308305162027365,3.501296478056919,3.100209481093521,3.792
3.3278956115665337,3.4912306376031865,3.0980502179334004,3.796
3.35386791385614,3.483175636232202,3.106410136306739,3.8
3.3874053377509066,3.4806776318376453,3.1369708968631307,3.804
3.409761299809782,3.463243787630381,3.1404515213152813,3.808
3.4283978775985404,3.444461930439189,3.12963257791366,3.812
3.4469185501722697,3.428801423900686,3.1242407146274265,3.816
3.4654129382175807,3.417522811850137,3.1316608076831423,3.82
3.4893116133955853,3.3947767434317746,3.1039998064404397,3.824
3.494635698993888,3.374616142286592,3.0687269382451334,3.828
3.499298305616214,3.3561645951616366,3.0516433787099,3.832
3.5039866536214883,3.33505150289716,3.0832534626269443,3.836
3.508819755128878,3.3193138533164386,3.1254750237253277,3.84
3.5151946995035956,3.307202299017444,3.1345964217298867,3.844
3.5310012599258815,3.296163620829819,3.125224224964138,3.848
3.535968165148648,3.2784932954084014,3.1336570073397305,3.852
3.540186630327813,3.2538890739759565,3.118747271068525,3.856
3.5458199205094187,3.229118391083554,3.101842835163134,3.86
3.551880350521809,3.2059679677689608,3.105817895713992,3.864
3.5569621257505735,3.179084710784595,3.0789361988137185,3.868
3.561006781917725,3.164136081290482,3.088006247909899,3.872
3.566154985946911,3.1417077492907617,3.0851672287350778,3.876
3.583356374582311,3.1133296175736147,3.067269599628774,3.88
3.582293429540351,3.081575256192194,3.015100766517027,3.884
3.582853566874931,3.04955629510726,2.9790712582067065,3.888
3.5836243454608097,3.0181299469475142,2.921696483811559,3.892
3.593750958775432,2.995030662361188,2.9077422511446307,3.896
3.5912106637607706,3.012088656969997,2.963689943079141,3.9
3.5934197530739334,3.042018000962798,3.0258403935087,3.904
3.616441214925756,3.0662086683285215,3.013595323472187,3.908
3.651682048809305,3.0955202019846024,3.0193956221238443,3.912
3.6859357806066613,3.134407952432236,3.0649312932329043,3.916
3.7193163060243104,3.1585260143276157,3.065406962554412,3.92
3.742853351946665,3.183344848960677,3.0737787593972086,3.924
3.765652699801979,3.2166096552232895,3.128274614695147,3.928
3.8064489091851614,3.249157180100392,3.1858694111708417,3.932
3.8269689624544774,3.280628857784667,3.235073500026124,3.936
3.8440808032228344,3.313290537088821,3.2780987565828528,3.94
3.8571874096262357,3.356146989658642,3.3456630716211397,3.944
3.864460991558472,3.3995025355944115,3.415495073965536,3.948
3.8700431645603333,3.424569542803025,3.4601295220744737,3.952
3.8745375489955225,3.448896716682503,3.4962499163336997,3.956
3.873500284289814,3.4728262975894126,3.527976894552434,3.96
3.872047905341347,3.500422258857975,3.578777899412733,3.964
3.877112596436785,3.512496500952621,3.621257161358362,3.968
3.8807480571302917,3.524885300458457,3.6780115174802357,3.972
3.8785190944502936,3.529991969631211,3.7079111315935935,3.976
3.870727007754495,3.5347023290392063,3.716347140885299,3.98
3.862525315461086,3.5395908435056556,3.7272697218792197,3.984
3.8586034383760417,3.540150164707211,3.731692578352926,3.988
3.8599885274491803,3.540810150144072,3.724038684221783,3.992
3.8772308552775407,3.540810683858339,3.7129045141015826,3.996
3.8807074723693833,3.5408112369514613,3.7086848244025847,4.0
